{
  "current-scene": "32f75e18-d4c2-42e2-ac44-064940a5fd78",
  "gizmos-infos": {
    "iconGizmoSize": 2,
    "isGridVisible": true,
    "isIconGizmo3D": false
  },
  "float-window": {
    "position": {
      "cc": {
        "CameraComponent": {
          "bottom": 10,
          "dock": false,
          "left": null,
          "right": 10,
          "top": null
        },
        "Terrain": {
          "bottom": 10,
          "dock": false,
          "left": null,
          "right": 10,
          "top": null
        }
      }
    }
  },
  "0e4b8TcvBDCJQ3qb1ZsOWu": {
    "sculpt": {
      "radius": 5,
      "strength": 1
    },
    "paint": {
      "falloff": 0.5,
      "radius": 5,
      "strength": 5
    },
    "layer": 0
  },
  "dcuoIkekJFwLzZUM9azC8K": {
    "layer": 0,
    "sculpt": {
      "radius": 5,
      "strength": 1
    },
    "paint": {
      "falloff": 0.5,
      "radius": 5,
      "strength": 5
    }
  },
  "camera-infos": {
    "32f75e18-d4c2-42e2-ac44-064940a5fd78": {
      "position": {
        "x": -116.05127391617037,
        "y": 56.98609343353545,
        "z": -337.06275236776264
      },
      "rotation": {
        "w": 0.8610406868128675,
        "x": -0.02415792692590158,
        "y": -0.5075173663525148,
        "z": -0.014218721362684312
      },
      "viewCenter": {
        "x": -3.323774835007402,
        "y": 49.753040854888994,
        "z": -399.46576686274665
      }
    },
    "f46876e4-e81b-4931-b493-6d367be385e7": {
      "position": {
        "x": 667.0000000000001,
        "y": 375,
        "z": 1000
      },
      "rotation": {
        "w": 1,
        "x": 0,
        "y": 0,
        "z": 0
      },
      "viewCenter": {
        "x": -17.004944290388153,
        "y": 120.30263852291063,
        "z": -247.7623264722282
      }
    }
  },
  "camera-uuids": [
    "32f75e18-d4c2-42e2-ac44-064940a5fd78"
  ]
}
