{
  "current-scene": "32f75e18-d4c2-42e2-ac44-064940a5fd78",
  "gizmos-infos": {
    "iconGizmoSize": 2,
    "isGridVisible": true,
    "isIconGizmo3D": false
  },
  "float-window": {
    "position": {
      "cc": {
        "CameraComponent": {
          "bottom": 10,
          "dock": false,
          "left": null,
          "right": 10,
          "top": null
        },
        "Terrain": {
          "bottom": 10,
          "dock": false,
          "left": null,
          "right": 10,
          "top": null
        }
      }
    }
  },
  "0e4b8TcvBDCJQ3qb1ZsOWu": {
    "sculpt": {
      "radius": 5,
      "strength": 1
    },
    "paint": {
      "falloff": 0.5,
      "radius": 5,
      "strength": 5
    },
    "layer": 0
  },
  "dcuoIkekJFwLzZUM9azC8K": {
    "layer": 0,
    "sculpt": {
      "radius": 5,
      "strength": 1
    },
    "paint": {
      "falloff": 0.5,
      "radius": 5,
      "strength": 5
    }
  },
  "camera-infos": {
    "32f75e18-d4c2-42e2-ac44-064940a5fd78": {
      "position": {
        "x": -19.81167659853402,
        "y": 47.34986237828288,
        "z": -324.21180187924415
      },
      "rotation": {
        "w": 0.9904943288807979,
        "x": -0.1329475483940532,
        "y": -0.033514384941978254,
        "z": -0.004625627094341824
      },
      "viewCenter": {
        "x": -14.024390439938443,
        "y": 23.931530986924635,
        "z": -409.67794518370414
      }
    },
    "f46876e4-e81b-4931-b493-6d367be385e7": {
      "position": {
        "x": 667.0000000000001,
        "y": 375,
        "z": 1000
      },
      "rotation": {
        "w": 1,
        "x": 0,
        "y": 0,
        "z": 0
      },
      "viewCenter": {
        "x": -17.004944290388153,
        "y": 120.30263852291063,
        "z": -247.7623264722282
      }
    }
  },
  "camera-uuids": [
    "32f75e18-d4c2-42e2-ac44-064940a5fd78"
  ]
}
